cosine_similarities_X_Y_COS,cosine_similarities_X_Y_test_COS,cosine_similarities_X_Y_COS_LOSS,cosine_similarities_X_Y_MSE_LOSS,cosine_similarities_X_Y_test_COS_LOSS,cosine_similarities_X_Y_test_MSE_LOSS,rouge_results_X_vs_gold_rouge1_f,rouge_results_X_vs_gold_rouge2_f,rouge_results_X_vs_gold_rougeL_f,rouge_results_Y_vs_gold_rouge1_f,rouge_results_Y_vs_gold_rouge2_f,rouge_results_Y_vs_gold_rougeL_f,rouge_results_X_vs_Y_rouge1_f,rouge_results_X_vs_Y_rouge2_f,rouge_results_X_vs_Y_rougeL_f,reg,regm,train
0.6409405469894409,0.37374740839004517,0.35905948281288147,155.31463623046875,0.6262526512145996,15.306842803955078,0.14166093719872877,0.008115123552280664,0.12039644499951282,0.7443278060761083,0.6787489192369293,0.7300121887720072,0.1270357235099978,0.005794919783730526,0.11030119939869397,0.08,0.007,100
0.6409008502960205,0.37401455640792847,0.3590991497039795,70.98992919921875,0.6259853839874268,7.181602954864502,0.13790002598145343,0.006646347541444896,0.11767064262365012,0.7443278060761083,0.6787489192369293,0.7300121887720072,0.12219417934110628,0.005001589668429804,0.10548594250847884,0.08,0.009,100
0.6356874108314514,0.3713114857673645,0.3643125891685486,2.24890398979187,0.6286885738372803,0.23107516765594482,0.1214237129157456,0.008772579688421354,0.0980484097684268,0.7443278060761083,0.6787489192369293,0.7300121887720072,0.12068150393788639,0.007856184381247341,0.09924233056444542,0.1,0.009,100
0.6356062889099121,0.3702937364578247,0.3643936812877655,24.088275909423828,0.6297062635421753,2.2738680839538574,0.11223908149561254,0.005388395352211142,0.09741457574080574,0.7443278060761083,0.6787489192369293,0.7300121887720072,0.10852432920689171,0.005392275287436579,0.092302024713999,0.1,0.001,100
0.6409753561019897,0.3734610080718994,0.35902464389801025,364.21759033203125,0.6265389323234558,34.921817779541016,0.1479854706148398,0.00564092270734676,0.12190951434027379,0.7443278060761083,0.6787489192369293,0.7300121887720072,0.12961436126375145,0.003590174666357771,0.11003178033176156,0.08,0.005,100
0.64287269115448,0.37458962202072144,0.35712727904319763,10013.298828125,0.6254103183746338,923.123291015625,0.1371350709391466,0.005307366566440639,0.11534258411879832,0.7443278060761083,0.6787489192369293,0.7300121887720072,0.1107127550417745,0.004331063310722429,0.09254001969248499,0.07,0.004,100
0.644218921661377,0.3752541244029999,0.3557811677455902,5564944.5,0.6247458457946777,470264.875,0.11366992836315674,0.0019312652282108878,0.09749782285245746,0.7443278060761083,0.6787489192369293,0.7300121887720072,0.09003840417628682,0.0011172954030096887,0.07887503216349817,0.06,0.001,100
0.6409212350845337,0.3738831579685211,0.3590787947177887,104.15534210205078,0.6261168122291565,10.401712417602539,0.13750417705757742,0.007380648818355951,0.11815552141023072,0.7443278060761083,0.6787489192369293,0.7300121887720072,0.12372412806533323,0.005580456471292303,0.10695054361520105,0.08,0.008,100
0.6441716551780701,0.375630259513855,0.35582828521728516,920112.3125,0.624369740486145,80832.5625,0.1256954654320079,0.0027770377540050992,0.1044306537561222,0.7443278060761083,0.6787489192369293,0.7300121887720072,0.09984404835096228,0.002042000054115907,0.0858097463698472,0.06,0.003,100
0.6441868543624878,0.3780800700187683,0.3558134138584137,893966016.0,0.6219199299812317,79929568.0,0.1099322875597796,0.002304125166911053,0.09741593009767073,0.7443278060761083,0.6787489192369293,0.7300121887720072,0.0824458494335687,0.0002777777777777778,0.07478136863861477,0.04,0.007,100
0.6430148482322693,0.3781910836696625,0.35698646306991577,28970372300800.0,0.6218090057373047,2404960960512.0,0.10434171545930174,0.002452664978208763,0.09308008153612962,0.7443278060761083,0.6787489192369293,0.7300121887720072,0.07521661650098119,0.000953968253968254,0.06840437802390067,0.03,0.006,100
0.643129289150238,0.37725630402565,0.3568708896636963,1.2221978839823155e+18,0.6227436661720276,8.739680344761958e+16,0.10022061918575538,0.0017031860524336587,0.08819163105240171,0.7443278060761083,0.6787489192369293,0.7300121887720072,0.07579684861606945,0.0016389860139860138,0.06725585468770137,0.03,0.002,100
0.6444701552391052,0.37760695815086365,0.3555300235748291,532466.375,0.622393012046814,51129.171875,0.12537737586144887,0.004277139152132714,0.10463097252293789,0.7443278060761083,0.6787489192369293,0.7300121887720072,0.10104718159658777,0.003182960988087634,0.08654834021433513,0.05,0.009,100
0.6441110968589783,0.37839049100875854,0.35588932037353516,81472400.0,0.6216095089912415,7649921.5,0.11491874713173392,0.0025115603365216364,0.10015913407793604,0.7443278060761083,0.6787489192369293,0.7300121887720072,0.09049431520796741,0.000879856186956956,0.08173047534939648,0.04,0.009,100
0.6385379433631897,0.37214919924736023,0.3614620864391327,40.8624382019043,0.6278507709503174,3.98188853263855,0.12120205203793326,0.006303259984353879,0.1054253724591894,0.7443278060761083,0.6787489192369293,0.7300121887720072,0.11386351694039125,0.0052220518406457354,0.10005159331869036,0.09,0.005,100
0.635668933391571,0.3709648847579956,0.36433109641075134,5.068752288818359,0.6290351152420044,0.5037660598754883,0.12224479017366051,0.008501092364128908,0.10217072176546654,0.7443278060761083,0.6787489192369293,0.7300121887720072,0.12169007337152664,0.010017868747584773,0.10535857237565409,0.1,0.006,100
0.6447435021400452,0.3764629364013672,0.35525646805763245,635195456.0,0.6235370635986328,52523668.0,0.11095056096024665,0.0021158826278171537,0.09679491531010599,0.7443278060761083,0.6787489192369293,0.7300121887720072,0.08608079485185076,0.0005733005733005734,0.07570199090716022,0.05,0.002,100
0.6356763243675232,0.3710844814777374,0.3643236458301544,3.8310394287109375,0.628915548324585,0.3847733438014984,0.1247918045870982,0.009812747271109288,0.10377733147917802,0.7443278060761083,0.6787489192369293,0.7300121887720072,0.12297707105458022,0.008214303988595855,0.10240008115680652,0.1,0.007,100
0.6410155296325684,0.37298575043678284,0.35898444056510925,1523.3397216796875,0.6270142197608948,139.82603454589844,0.14425657455717888,0.005110718871996847,0.119431776618178,0.7443278060761083,0.6787489192369293,0.7300121887720072,0.12499911755742904,0.0032040600142380325,0.10387132100458406,0.08,0.002,100
0.6408394575119019,0.37812066078186035,0.35926127433776855,7.2454451764857405e+19,0.6218793988227844,5.545217020141765e+18,0.1006874465648847,0.0014450625369356019,0.09019506808217834,0.7443278060761083,0.6787489192369293,0.7300121887720072,0.07642211169309711,0.0005448275862068966,0.06895699631730254,0.02,0.006,100
0.6406642198562622,0.3786814212799072,0.35947033762931824,5606503205568512.0,0.6213185787200928,493183007981568.0,0.09918982769551078,0.001079478698513693,0.0887601166830309,0.7443278060761083,0.6787489192369293,0.7300121887720072,0.0725144455766359,0.0007327968923418423,0.06615142291488936,0.02,0.009,100
0.6426895260810852,0.37545910477638245,0.35731053352355957,447.1659240722656,0.6245409250259399,45.313106536865234,0.14812729812711442,0.007033531606710002,0.11970159422056843,0.7443278060761083,0.6787489192369293,0.7300121887720072,0.13213791472193054,0.006308156652051219,0.10996158287602582,0.07,0.01,100
0.6385372281074524,0.37154677510261536,0.3614627718925476,193.53640747070312,0.6284531950950623,17.950145721435547,0.14627698375493445,0.006976022973031716,0.1209069710525956,0.7443278060761083,0.6787489192369293,0.7300121887720072,0.13166568115725943,0.0032902995957499524,0.11186123502668618,0.09,0.001,100
0.6356370449066162,0.3705783188343048,0.364362895488739,12.477866172790527,0.6294217109680176,1.2028318643569946,0.11088391135237669,0.007937845462080055,0.09524063498991725,0.7443278060761083,0.6787489192369293,0.7300121887720072,0.1073379458641594,0.0052418458734248205,0.09018323771688365,0.1,0.003,100
0.643143892288208,0.3769579231739044,0.35685616731643677,4.046752106224917e+19,0.6230420470237732,2.7700898038095544e+18,0.0973559957351352,0.001449253915402639,0.08645255663192614,0.7443278060761083,0.6787489192369293,0.7300121887720072,0.07575601575077086,0.001095704948646125,0.06840476565094772,0.03,0.001,100
0.6428184509277344,0.37489962577819824,0.357181578874588,3209.079345703125,0.6251003742218018,305.6188659667969,0.13706301560185571,0.005035321676700796,0.113680056721818,0.7443278060761083,0.6787489192369293,0.7300121887720072,0.11255542397741249,0.0027905453386084665,0.09535054086184472,0.07,0.006,100
0.6440712809562683,0.3785378336906433,0.3559291958808899,27748962.0,0.6214621663093567,2668332.25,0.113003283800916,0.002326185829942121,0.09818960533178281,0.7443278060761083,0.6787489192369293,0.7300121887720072,0.08576171661320175,0.00024390243902439024,0.07750615873541769,0.04,0.01,100
0.6410272121429443,0.37754112482070923,0.3590007722377777,7.61246768310672e+25,0.622458815574646,4.924826416607635e+24,0.09982713940734332,0.0012949944205324403,0.08756164522650717,0.7443278060761083,0.6787489192369293,0.7300121887720072,0.07629580663469093,0.0008536036036036036,0.06745922437532323,0.02,0.003,100
0.6430489420890808,0.37798333168029785,0.35695189237594604,277849789431808.0,0.6220166683197021,22284335054848.0,0.1091993962478388,0.001185864637522233,0.09240699897632128,0.7443278060761083,0.6787489192369293,0.7300121887720072,0.08110807650473927,0.0,0.0706521551770583,0.03,0.005,100
0.635691225528717,0.37141937017440796,0.36430877447128296,1.7450164556503296,0.6285805702209473,0.18162384629249573,0.12709065584781634,0.0091159624757177,0.10424492149749735,0.7443278060761083,0.6787489192369293,0.7300121887720072,0.12699962753585914,0.008203664011846008,0.10137898431766121,0.1,0.01,100
0.6407796740531921,0.37830647826194763,0.35933709144592285,2.1253911608630968e+18,0.6216935515403748,1.707970882867036e+17,0.10369985447356413,0.0017965947072702598,0.0914238087831572,0.7443278060761083,0.6787489192369293,0.7300121887720072,0.07721732050986625,0.0008064225700030878,0.07030970260088783,0.02,0.007,100
0.6385219097137451,0.3725427985191345,0.3614780306816101,14.822595596313477,0.6274572014808655,1.4934550523757935,0.11254665226653454,0.006595065103692037,0.0963956586214926,0.7443278060761083,0.6787489192369293,0.7300121887720072,0.1107872301910574,0.005022932712830411,0.09343569450215189,0.09,0.008,100
0.6447205543518066,0.376661479473114,0.35527947545051575,185547120.0,0.6233384609222412,15695884.0,0.10545306497793339,0.0016727342515856951,0.09329494814863622,0.7443278060761083,0.6787489192369293,0.7300121887720072,0.08246202799219135,0.0009196722167127721,0.07305339136400059,0.05,0.003,100
0.6444196105003357,0.37774544954299927,0.35558047890663147,244320.046875,0.6222545504570007,23936.001953125,0.13222894115710132,0.0036657242223279963,0.11061725048474688,0.7443278060761083,0.6787489192369293,0.7300121887720072,0.10273082683893703,0.002107909930490576,0.08783328427438308,0.05,0.01,100
0.6441977024078369,0.37544921040534973,0.35580235719680786,2199586.5,0.6245507597923279,189558.125,0.1210862352945435,0.0022510387612475623,0.10034770565058082,0.7443278060761083,0.6787489192369293,0.7300121887720072,0.09636106898660181,0.0009802265403769162,0.0810231864636418,0.06,0.002,100
0.6385338306427002,0.37228524684906006,0.3614661395549774,28.76532554626465,0.6277148127555847,2.8353166580200195,0.11784616823855032,0.00580440197018683,0.10291492606778097,0.7443278060761083,0.6787489192369293,0.7300121887720072,0.10853261212046247,0.005567433749185538,0.0939547523396202,0.09,0.006,100
0.6427238583564758,0.375325471162796,0.35727620124816895,707.615966796875,0.6246745586395264,70.62877655029297,0.15239475793252286,0.005226056003997181,0.1258300933368191,0.7443278060761083,0.6787489192369293,0.7300121887720072,0.1346056390819763,0.0032757574795531097,0.11171970623962156,0.07,0.009,100
0.6446535587310791,0.37701094150543213,0.35534659028053284,20285586.0,0.6229889392852783,1792831.0,0.11168891383910613,0.0018475336059790507,0.09735016522589916,0.7443278060761083,0.6787489192369293,0.7300121887720072,0.09016259366494714,0.0006830713146502621,0.07912375188131683,0.05,0.005,100
0.6429784297943115,0.37838736176490784,0.3570232689380646,3714420047872.0,0.6216126084327698,318731780096.0,0.10533718148214583,0.0013684982007801895,0.09392168899247949,0.7443278060761083,0.6787489192369293,0.7300121887720072,0.08067610841810872,0.0008432246998284734,0.07187935529786312,0.03,0.007,100
0.6441497802734375,0.3782385587692261,0.35585060715675354,258494000.0,0.6217615008354187,23690312.0,0.11357311818578374,0.0029789146444473354,0.0990606112268736,0.7443278060761083,0.6787489192369293,0.7300121887720072,0.09053015916969022,0.001035069414253833,0.08001493942186659,0.04,0.008,100
0.6385285258293152,0.37241631746292114,0.3614715337753296,20.52031707763672,0.6275836825370789,2.0452394485473633,0.1180923477885505,0.004170538673921994,0.10314980766469813,0.7443278060761083,0.6787489192369293,0.7300121887720072,0.11181216292275085,0.004984299152145462,0.09741676023024987,0.09,0.007,100
0.6429023742675781,0.378753662109375,0.3571004569530487,102359416832.0,0.621246337890625,9354713088.0,0.10161579427221373,0.00255829402223057,0.0892796816248251,0.7443278060761083,0.6787489192369293,0.7300121887720072,0.07493539889914975,0.0021038848027594382,0.06544334621032451,0.03,0.009,100
0.6407212615013123,0.37849313020706177,0.3594067394733429,9.247302529476198e+16,0.6215068697929382,7783133575380992.0,0.0975410111668299,0.0014464939530947573,0.08962155079613343,0.7443278060761083,0.6787489192369293,0.7300121887720072,0.07459831865898067,0.0010289570230607966,0.0683443421820879,0.02,0.008,100
0.644254744052887,0.37773293256759644,0.3557453453540802,14433869824.0,0.6222670674324036,1226092672.0,0.10523514439533928,0.001978984793141739,0.09245868454759992,0.7443278060761083,0.6787489192369293,0.7300121887720072,0.0812467533058905,0.0016739822245192637,0.07202312314132597,0.04,0.005,100
0.6410248279571533,0.3728120028972626,0.3589751124382019,2571.833984375,0.6271880269050598,232.5167999267578,0.1447300593852886,0.005150100465774969,0.12052347961811613,0.7443278060761083,0.6787489192369293,0.7300121887720072,0.12058816264370079,0.002293303956159912,0.09734486381126885,0.08,0.001,100
0.6385404467582703,0.37200793623924255,0.3614595830440521,58.87369155883789,0.6279920935630798,5.669774055480957,0.12595540798171048,0.007767146726840333,0.1078523897519855,0.7443278060761083,0.6787489192369293,0.7300121887720072,0.11781809730465065,0.004997820654797399,0.10043622925411277,0.09,0.004,100
0.6385414004325867,0.3718608021736145,0.3614586591720581,86.11187744140625,0.6281391978263855,8.192687034606934,0.1378652190978568,0.007314496166400806,0.11743628788798038,0.7443278060761083,0.6787489192369293,0.7300121887720072,0.12869979222948152,0.005277872489829012,0.10945149676815774,0.09,0.003,100
0.644336998462677,0.3770791292190552,0.355663001537323,2434761228288.0,0.6229208111763,190282399744.0,0.10197592788930045,0.0012972891433211048,0.08811071062121796,0.7443278060761083,0.6787489192369293,0.7300121887720072,0.0781461456672827,0.0012364431434198876,0.0684973419220351,0.04,0.002,100
0.6385142803192139,0.3726651072502136,0.36148566007614136,10.833549499511719,0.6273348927497864,1.1032001972198486,0.11592777160767455,0.006166061738126066,0.09732539809493178,0.7443278060761083,0.6787489192369293,0.7300121887720072,0.11379547904492433,0.004567551105165522,0.09509218598710545,0.09,0.009,100
0.6409904956817627,0.3733094036579132,0.3590094745159149,574.1972045898438,0.6266906261444092,54.27713394165039,0.1476764977325882,0.005701389652347511,0.12015776928229471,0.7443278060761083,0.6787489192369293,0.7300121887720072,0.12868257900050956,0.00384955932789516,0.10822326876127024,0.08,0.004,100
0.6410040259361267,0.3731512427330017,0.3589960038661957,924.6597900390625,0.6268488168716431,86.14340209960938,0.14306827841421316,0.003400553177113422,0.11731386436515702,0.7443278060761083,0.6787489192369293,0.7300121887720072,0.12601112105534645,0.002956486051064524,0.10396122936954842,0.08,0.003,100
0.6431072354316711,0.37752100825309753,0.3568931221961975,5.457086232553062e+16,0.6224789619445801,4063829335998464.0,0.10559936022218629,0.0007131410256410256,0.09251694590206228,0.7443278060761083,0.6787489192369293,0.7300121887720072,0.08273138619981317,0.0009531609195402298,0.0748404645970926,0.03,0.003,100
0.6443126797676086,0.3773212432861328,0.3556874096393585,379413430272.0,0.622678816318512,30521122816.0,0.10856741145148778,0.0015473561547819964,0.09620427778773159,0.7443278060761083,0.6787489192369293,0.7300121887720072,0.08440466040742267,0.0008189033189033191,0.07544225484284713,0.04,0.003,100
0.6429408192634583,0.37857434153556824,0.3570614755153656,570002112512.0,0.6214256286621094,50501337088.0,0.10688159513218476,0.002208247339795922,0.09324602577265219,0.7443278060761083,0.6787489192369293,0.7300121887720072,0.07700383301009954,0.0014905943591546544,0.06730006954370722,0.03,0.008,100
0.6385403275489807,0.37170732021331787,0.3614596426486969,127.99285125732422,0.6282926797866821,12.025498390197754,0.14261857495775834,0.006792525014961584,0.11747354647741176,0.7443278060761083,0.6787489192369293,0.7300121887720072,0.12843449844438046,0.004706523383322252,0.10796240946778823,0.09,0.002,100
0.6427885293960571,0.3750461935997009,0.35721153020858765,1892.530517578125,0.6249538660049438,183.12379455566406,0.14007499210415494,0.0037463534021737062,0.1154690767189143,0.7443278060761083,0.6787489192369293,0.7300121887720072,0.12226667392353806,0.003340147258791377,0.10483798098809101,0.07,0.007,100
0.6427568793296814,0.3751879036426544,0.3572431206703186,1144.0093994140625,0.6248120665550232,112.44175720214844,0.14496577593335785,0.0047183011340113205,0.1223876515277565,0.7443278060761083,0.6787489192369293,0.7300121887720072,0.12518683796469315,0.0036420763900346475,0.105190614227362,0.07,0.008,100
0.6441071033477783,0.37596118450164795,0.3558928966522217,187164.40625,0.6240387558937073,17069.83984375,0.12383785007627952,0.003579431226643166,0.10263960885914464,0.7443278060761083,0.6787489192369293,0.7300121887720072,0.09831005367544546,0.002493171745738608,0.08300734387281693,0.06,0.005,100
0.6440696716308594,0.3761153519153595,0.3559303283691406,90251.9921875,0.6238846778869629,8383.3388671875,0.12874748561004468,0.00424609728725264,0.10608551581820037,0.7443278060761083,0.6787489192369293,0.7300121887720072,0.10344350468877864,0.003104482361488588,0.08704971850569745,0.06,0.006,100
0.6408795714378357,0.37414178252220154,0.3591204881668091,49.12677764892578,0.6258582472801208,5.032635688781738,0.12655838118980967,0.007920061467182552,0.1084646405901003,0.7443278060761083,0.6787489192369293,0.7300121887720072,0.11744134966484658,0.006424647785707946,0.10001354650725146,0.08,0.01,100
0.63565993309021,0.3708409070968628,0.36434006690979004,6.772194862365723,0.629159152507782,0.6662189960479736,0.12495195582573224,0.006618672052187608,0.10446926476550125,0.7443278060761083,0.6787489192369293,0.7300121887720072,0.11915973735785115,0.005243114324489164,0.10062622482347722,0.1,0.005,100
0.6440296173095703,0.3762637674808502,0.3559704124927521,45284.30859375,0.6237362027168274,4283.1376953125,0.12664909564683838,0.005408935096697502,0.10694070984000388,0.7443278060761083,0.6787489192369293,0.7300121887720072,0.10150309960812154,0.0028192066515563947,0.08758826950495287,0.06,0.007,100
0.6356825232505798,0.37119996547698975,0.36431750655174255,2.9224321842193604,0.628800094127655,0.2967642843723297,0.12782965487592016,0.009648689924364658,0.10716013718502788,0.7443278060761083,0.6787489192369293,0.7300121887720072,0.12393570878984107,0.007233790819850982,0.10084206290245612,0.1,0.008,100
0.6429181098937988,0.37425026297569275,0.35708194971084595,35368.109375,0.6257497668266296,3153.158203125,0.13327440282943634,0.0034452243839666196,0.10969066217855036,0.7443278060761083,0.6787489192369293,0.7300121887720072,0.1069438373796157,0.0018647237230035687,0.08785125417062069,0.07,0.002,100
0.6429367661476135,0.37406599521636963,0.3570632040500641,70088.8203125,0.6259338855743408,6142.2861328125,0.1271320875271407,0.004974974953280629,0.10702328541756331,0.7443278060761083,0.6787489192369293,0.7300121887720072,0.10238454156055195,0.002530803231461126,0.08546775387801162,0.07,0.001,100
0.6445671319961548,0.37732014060020447,0.35543301701545715,2930509.0,0.6226798892021179,270130.09375,0.1226916737813311,0.003756036460077574,0.10592999558843211,0.7443278060761083,0.6787489192369293,0.7300121887720072,0.09851674722220403,0.0011828282828282826,0.08318700430560046,0.05,0.007,100
0.6409648656845093,0.37774258852005005,0.3590898811817169,3.8558486944056485e+23,0.62225741147995,2.650245657617691e+22,0.09512582915417972,0.0013772063292355411,0.08302714060103403,0.7443278060761083,0.6787489192369293,0.7300121887720072,0.06846273678884657,0.000890755585877537,0.06116201835469443,0.02,0.004,100
0.6410977244377136,0.3770603835582733,0.35890379548072815,5.388287312783545e+31,0.6229395866394043,3.0232786673777156e+30,0.10672789611583067,0.001465105456978522,0.09097511748922799,0.7443278060761083,0.6787489192369293,0.7300121887720072,0.08671330835491084,0.0002564102564102564,0.07205581667198063,0.02,0.001,100
0.6438987851142883,0.3766843378543854,0.35610130429267883,7045.98388671875,0.6233156323432922,702.7254638671875,0.13807867847052044,0.004939168695375367,0.11444608883978143,0.7443278060761083,0.6787489192369293,0.7300121887720072,0.11204035153203509,0.003793372325349069,0.09435403722347534,0.06,0.01,100
0.6441413760185242,0.37580010294914246,0.3558586835861206,405302.15625,0.6241998672485352,36284.32421875,0.12114102795884088,0.004699288426215909,0.0991073019093688,0.7443278060761083,0.6787489192369293,0.7300121887720072,0.09471370367372157,0.002651395670430665,0.07868839619828467,0.06,0.004,100
0.6439874172210693,0.3764076232910156,0.35601258277893066,23568.150390625,0.6235923767089844,2269.3544921875,0.12849246962221245,0.003985907255692172,0.10692526993384611,0.7443278060761083,0.6787489192369293,0.7300121887720072,0.10155774479122791,0.004019467954645973,0.08607360550473935,0.06,0.008,100
0.6356494426727295,0.37071213126182556,0.3643505871295929,9.142232894897461,0.629287838935852,0.890307605266571,0.12647167899165496,0.0076311906117179,0.10469162610550947,0.7443278060761083,0.6787489192369293,0.7300121887720072,0.12339384535834311,0.007058240766906362,0.10404084073416538,0.1,0.004,100
0.6428636312484741,0.3789268434047699,0.3571397364139557,21107204096.0,0.6210730671882629,1988146176.0,0.1046313678878002,0.0010030057821902652,0.0923967133809139,0.7443278060761083,0.6787489192369293,0.7300121887720072,0.0753731555610158,0.0007103594620851869,0.06669547237536676,0.03,0.01,100
0.638505756855011,0.372783362865448,0.361494243144989,8.006230354309082,0.627216637134552,0.8238961696624756,0.11771301171670874,0.006059599834978237,0.10022506630898281,0.7443278060761083,0.6787489192369293,0.7300121887720072,0.11469066402868221,0.004609503108921365,0.09912556501751403,0.09,0.01,100
0.6356227397918701,0.37043899297714233,0.3643772006034851,17.23003578186035,0.6295610070228577,1.6438188552856445,0.11225000710535746,0.00758860998865444,0.09454697332926591,0.7443278060761083,0.6787489192369293,0.7300121887720072,0.10899591509180256,0.005110205631519944,0.09071673553823807,0.1,0.002,100
0.6446900367736816,0.37684279680252075,0.35530999302864075,59036744.0,0.6231572031974792,5105920.5,0.11345685270195655,0.0023490119084661138,0.09756189130780304,0.7443278060761083,0.6787489192369293,0.7300121887720072,0.08937113123745892,0.0012459267201649607,0.07736726134196202,0.05,0.004,100
0.6442850232124329,0.3775373101234436,0.3557150363922119,69098897408.0,0.6224626302719116,5714724864.0,0.10555503482141666,0.0019869169890178295,0.09215393246824025,0.7443278060761083,0.6787489192369293,0.7300121887720072,0.08145640412278823,0.0005115089514066496,0.07125946587352344,0.04,0.004,100
0.6447576880455017,0.3762419521808624,0.3552423417568207,2392110336.0,0.6237580180168152,193209408.0,0.1010367670382918,0.00335459145635241,0.08726580308732801,0.7443278060761083,0.6787489192369293,0.7300121887720072,0.07727670918694086,0.0018636646260480735,0.06803678842082539,0.05,0.001,100
0.6430800557136536,0.3777613043785095,0.3569204807281494,3385960016379904.0,0.6222387552261353,261938193891328.0,0.10495857223714261,0.0016928695777874987,0.09344836977455895,0.7443278060761083,0.6787489192369293,0.7300121887720072,0.07805975981123979,0.0007464607464607464,0.0695097138712593,0.03,0.004,100
0.6409010291099548,0.3779338002204895,0.35917893052101135,3.964910283666852e+21,0.6220661997795105,2.8811970370930632e+20,0.10177689185223901,0.0016998630906491991,0.08938387930610057,0.7443278060761083,0.6787489192369293,0.7300121887720072,0.07408391958892749,0.0010570048309178745,0.06603708482228393,0.02,0.005,100
0.6445195078849792,0.3774656057357788,0.3554806113243103,1217039.125,0.6225343942642212,114515.578125,0.12229405475930716,0.0024100843170610613,0.10536130865622217,0.7443278060761083,0.6787489192369293,0.7300121887720072,0.10058669576167764,0.0011318331503638107,0.08684839114699291,0.05,0.008,100
0.6443565487861633,0.376804381608963,0.35564345121383667,18672722640896.0,0.6231955885887146,1415747993600.0,0.10745117483907868,0.001189539231440729,0.09413227031782517,0.7443278060761083,0.6787489192369293,0.7300121887720072,0.08650760966471109,0.0005334281650071124,0.07571861080952727,0.04,0.001,100
0.6409586071968079,0.3736068606376648,0.35904139280319214,235.64932250976562,0.6263931393623352,22.910913467407227,0.14613066298051297,0.005882711404062486,0.12126767529275685,0.7443278060761083,0.6787489192369293,0.7300121887720072,0.1308266368618229,0.00370206269053573,0.10996710668346153,0.08,0.006,100
0.6428966522216797,0.3744242191314697,0.3571033775806427,18506.671875,0.6255757808685303,1678.0040283203125,0.13750547277459957,0.005366980512237917,0.11508935977964507,0.7443278060761083,0.6787489192369293,0.7300121887720072,0.10932049860518138,0.003498624954863059,0.09133953464917227,0.07,0.003,100
0.6428467035293579,0.37474778294563293,0.35715338587760925,5588.03271484375,0.6252522468566895,523.663330078125,0.14104576910333189,0.004694924957637991,0.11871522835939817,0.7443278060761083,0.6787489192369293,0.7300121887720072,0.11221984045742421,0.0032546663273453082,0.09541719376843677,0.07,0.005,100
0.6446121335029602,0.37716925144195557,0.35538795590400696,7471481.0,0.6228307485580444,674488.9375,0.11703717858448753,0.003381802364462753,0.10062433379238583,0.7443278060761083,0.6787489192369293,0.7300121887720072,0.09180149013144177,0.0025501949503567737,0.0798512020151253,0.05,0.006,100
0.6406089663505554,0.3788713812828064,0.35952794551849365,450609312432128.0,0.6211286187171936,41351366311936.0,0.1007448400892947,0.0027864888452288285,0.09109517217528879,0.7443278060761083,0.6787489192369293,0.7300121887720072,0.07434839693871818,0.001923391384129924,0.06959086544681868,0.02,0.01,100
0.6442220211029053,0.3779125511646271,0.35577818751335144,3403734784.0,0.6220874190330505,296731936.0,0.10645788860759797,0.0017118019308369253,0.09240517690451366,0.7443278060761083,0.6787489192369293,0.7300121887720072,0.08312055809909946,0.0008272727272727273,0.07382047872632916,0.04,0.006,100
0.643943727016449,0.376547634601593,0.3560563027858734,12687.017578125,0.623452365398407,1243.404052734375,0.12891869236044318,0.005196586663582308,0.10699053620565177,0.7443278060761083,0.6787489192369293,0.7300121887720072,0.10335132551739411,0.004156343892992444,0.09003507329626476,0.06,0.009,100
0.6410742998123169,0.3773196339607239,0.3589344918727875,3.643866758672096e+28,0.6226803660392761,2.204696117256635e+27,0.09921685204247188,0.0017164067377451841,0.08759044856544591,0.7443278060761083,0.6787489192369293,0.7300121887720072,0.07765053396584025,0.0006703296703296704,0.0686537130804143,0.02,0.002,100
0.5940034985542297,0.44132208824157715,0.40599656105041504,70.47319793701172,0.5586778521537781,3.956461191177368,0.1081002714720168,0.004712306816278887,0.09499524715759651,0.7443278060761083,0.6787489192369293,0.7300121887720072,0.11002852776445925,0.00483562271062271,0.0987884020230834,0.08,0.007,500
0.5939667224884033,0.4418064057826996,0.40603330731391907,32.683067321777344,0.558193564414978,1.9084429740905762,0.09725455477493906,0.0046415512024207675,0.08651164928014218,0.7443278060761083,0.6787489192369293,0.7300121887720072,0.09582962103097428,0.003954885654885654,0.0847838056079706,0.08,0.009,500
0.5864232778549194,0.4386940002441406,0.41357675194740295,1.124250888824463,0.5613059997558594,0.06456556171178818,0.1488687689695,0.01721817551498371,0.12011247969588616,0.7443278060761083,0.6787489192369293,0.7300121887720072,0.14229907264200023,0.016875663743052095,0.11509799491037612,0.1,0.009,500
0.586290180683136,0.43704545497894287,0.4137099087238312,11.592637062072754,0.5629545450210571,0.5872170329093933,0.14691654736905627,0.008170918483735534,0.1178909736874378,0.7443278060761083,0.6787489192369293,0.7300121887720072,0.15248203501041047,0.00960239371216281,0.12419610131594454,0.1,0.001,500
0.5940345525741577,0.4408123791217804,0.40596553683280945,162.6833038330078,0.5591875910758972,8.752485275268555,0.13187352617116083,0.007274933271445214,0.11532919624593413,0.7443278060761083,0.6787489192369293,0.7300121887720072,0.1268950279278203,0.005980732436723954,0.11070585528691591,0.08,0.005,500
0.5973227024078369,0.4419538974761963,0.4026773273944855,4141.1357421875,0.5580461621284485,212.1162567138672,0.14075241531362992,0.007280293691896407,0.11853504073610996,0.7443278060761083,0.6787489192369293,0.7300121887720072,0.11738083537821087,0.00533444230513196,0.09994324080243137,0.07,0.004,500
0.6001473665237427,0.4426079988479614,0.3998526632785797,2005691.625,0.5573920607566833,89271.8203125,0.11690434915180806,0.0015630983750548968,0.10192142482142508,0.7443278060761083,0.6787489192369293,0.7300121887720072,0.09185568901616623,0.0009457160342717257,0.07869401785159168,0.06,0.001,500
0.5939857363700867,0.44156745076179504,0.4060142934322357,47.6115608215332,0.5584325194358826,2.727173089981079,0.09368036426838625,0.0024287952787952786,0.0819679109435666,0.7443278060761083,0.6787489192369293,0.7300121887720072,0.09748029521001911,0.0017948037800978977,0.0861960121663369,0.08,0.008,500
0.600077211856842,0.443104088306427,0.3999228775501251,343005.5625,0.5568959712982178,16376.6572265625,0.12444644083333692,0.001818460710248459,0.10364195347669149,0.7443278060761083,0.6787489192369293,0.7300121887720072,0.09206005223502042,0.0013838430839495834,0.07776789901939286,0.06,0.003,500
0.6031953692436218,0.44680750370025635,0.3968055248260498,279794208.0,0.5531924962997437,14817198.0,0.10269528806108898,0.0010955275050646722,0.09257242583676831,0.7443278060761083,0.6787489192369293,0.7300121887720072,0.07924865161164947,0.0009215686274509805,0.07192003313820354,0.04,0.007,500
0.6035569310188293,0.44794002175331116,0.3964526653289795,7202055651328.0,0.5520600080490112,354487402496.0,0.09655014564855194,0.0002,0.09196808410993715,0.7443278060761083,0.6787489192369293,0.7300121887720072,0.06887816339264154,0.0,0.06623140192827172,0.03,0.006,500
0.603692889213562,0.44725486636161804,0.39630815386772156,2.4788934606821786e+17,0.5527451038360596,8819589714542592.0,0.09242517893725914,0.0007548076923076924,0.0872794492182448,0.7443278060761083,0.6787489192369293,0.7300121887720072,0.06691704792433283,0.0006923076923076924,0.06486982303846624,0.03,0.002,500
0.6019237041473389,0.44600704312324524,0.3980765640735626,197343.328125,0.5539929866790771,11465.26171875,0.1151677472162249,0.0035091894674152053,0.10256342856261379,0.7443278060761083,0.6787489192369293,0.7300121887720072,0.0856588493231935,0.003185457516339869,0.07806118985874483,0.05,0.009,500
0.6031058430671692,0.44721904397010803,0.3968954086303711,26803444.0,0.5527809262275696,1569569.5,0.10921084141473575,0.0015437164453740405,0.10107943167948895,0.7443278060761083,0.6787489192369293,0.7300121887720072,0.08288590461073203,0.0013646289347508862,0.07793683677849401,0.04,0.009,500
0.5903308987617493,0.4393705427646637,0.4096691310405731,19.23314094543457,0.5606294870376587,1.0376217365264893,0.13232318214208508,0.007897014395481326,0.11019367475251744,0.7443278060761083,0.6787489192369293,0.7300121887720072,0.1391948855044625,0.008287469598045414,0.11527982015699585,0.09,0.005,500
0.5863862037658691,0.4381270706653595,0.41361382603645325,2.50030517578125,0.5618730187416077,0.13544979691505432,0.16294280449903817,0.016727247037419974,0.1290603108629841,0.7443278060761083,0.6787489192369293,0.7300121887720072,0.162351122156462,0.017317797380059893,0.12764970427448252,0.1,0.006,500
0.6022138595581055,0.44442132115364075,0.3977862298488617,204584256.0,0.5555787086486816,8902632.0,0.10323478274835701,0.0016252645502645503,0.09083918504461412,0.7443278060761083,0.6787489192369293,0.7300121887720072,0.07895834758745707,0.0006464285714285715,0.06973030777474769,0.05,0.002,500
0.586400032043457,0.43832236528396606,0.41360002756118774,1.8983259201049805,0.5616776347160339,0.10455259680747986,0.16737061300162773,0.020730323819777068,0.13394309923114825,0.7443278060761083,0.6787489192369293,0.7300121887720072,0.16184437070501076,0.018041789736655395,0.12964608979626932,0.1,0.007,500
0.5940663814544678,0.44000282883644104,0.40593358874320984,662.948974609375,0.5599971413612366,33.2751579284668,0.15800423253684057,0.006725375289357873,0.1355576533108436,0.7443278060761083,0.6787489192369293,0.7300121887720072,0.145580584159807,0.004811117066572474,0.12605208598325968,0.08,0.002,500
0.6029062867164612,0.44876980781555176,0.3973970115184784,1.3160281172246266e+19,0.5512301921844482,6.465611469244334e+17,0.09042605592832756,0.0015138224348750665,0.08721222110368641,0.7443278060761083,0.6787489192369293,0.7300121887720072,0.06562782931670263,0.0005300127713920817,0.06255625233680648,0.02,0.006,500
0.6027746200561523,0.44937267899513245,0.3976008892059326,1235732286930944.0,0.5506272912025452,83053854588928.0,0.08766555691472347,0.0006477732793522267,0.08317522009098013,0.7443278060761083,0.6787489192369293,0.7300121887720072,0.06629681734088293,0.0002702702702702703,0.061828089264652636,0.02,0.009,500
0.5971163511276245,0.44356468319892883,0.40288373827934265,196.44883728027344,0.5564353466033936,11.823946952819824,0.11001433430473707,0.004904927013756005,0.09645707168657007,0.7443278060761083,0.6787489192369293,0.7300121887720072,0.10063222539525263,0.0029055194357508144,0.08788008170583794,0.07,0.01,500
0.5903030037879944,0.4383724331855774,0.4096970558166504,88.7046127319336,0.5616275668144226,4.466613292694092,0.13351086652315025,0.004879158522392053,0.11408187376534644,0.7443278060761083,0.6787489192369293,0.7300121887720072,0.1374699385817768,0.004968987484279839,0.12017262945069795,0.09,0.001,500
0.5863345861434937,0.43750008940696716,0.4136654734611511,6.0676469802856445,0.5624998807907104,0.3154155910015106,0.16652421631927808,0.010709508450271178,0.12854185471678725,0.7443278060761083,0.6787489192369293,0.7300121887720072,0.1724939379342823,0.013037096517906157,0.136497724627525,0.1,0.003,500
0.6036954522132874,0.44696182012557983,0.39630505442619324,7.706325266477351e+18,0.5530381202697754,2.5052090689021542e+17,0.08911195327256066,0.0003333333333333333,0.08404065595819098,0.7443278060761083,0.6787489192369293,0.7300121887720072,0.06672996218497972,0.0,0.062238554946964515,0.03,0.001,500
0.5972588062286377,0.44250476360321045,0.4027412235736847,1356.35302734375,0.5574952363967896,73.4852523803711,0.1363482627024614,0.005850428848198741,0.1186481306967935,0.7443278060761083,0.6787489192369293,0.7300121887720072,0.11652958094890405,0.003964314840803472,0.10105793121777644,0.07,0.006,500
0.6030588150024414,0.4474516212940216,0.3969426155090332,9341078.0,0.5525484681129456,574064.0625,0.10831444560621968,0.0011618474629995369,0.09732140360685229,0.7443278060761083,0.6787489192369293,0.7300121887720072,0.08344427189272881,0.001296855525426954,0.0775801318224022,0.04,0.01,500
0.6030368208885193,0.4478369951248169,0.39708298444747925,1.0652166904926958e+25,0.5521629452705383,3.5167074663383195e+23,0.09364491988556044,0.0016181849551414767,0.09042517949827003,0.7443278060761083,0.6787489192369293,0.7300121887720072,0.06722078788979446,0.0006847826086956521,0.06484383598260796,0.02,0.003,500
0.6036048531532288,0.44780224561691284,0.3964017629623413,66043661778944.0,0.5521977543830872,3012552556544.0,0.09442075744106253,0.0001818181818181818,0.08987591977728059,0.7443278060761083,0.6787489192369293,0.7300121887720072,0.06672504768111244,0.0,0.06388037427195585,0.03,0.005,500
0.586432933807373,0.4388708174228668,0.41356703639030457,0.8761966824531555,0.5611292123794556,0.051710471510887146,0.14787892916068812,0.01676924624332618,0.12043021411078662,0.7443278060761083,0.6787489192369293,0.7300121887720072,0.13884760467286664,0.017456812639764445,0.11518499530459807,0.1,0.01,500
0.6028673052787781,0.4489913880825043,0.3974737524986267,4.142272962289992e+17,0.5510085821151733,2.2788104335130624e+16,0.0912169545744922,0.0008715224441030893,0.087583929586909,0.7443278060761083,0.6787489192369293,0.7300121887720072,0.06901615639144683,0.001,0.06538097787353729,0.02,0.007,500
0.5903320908546448,0.440043568611145,0.40966796875,7.099080562591553,0.5599564909934998,0.4003688097000122,0.1408940619552528,0.006652328877753093,0.10944800555260807,0.7443278060761083,0.6787489192369293,0.7300121887720072,0.14518647552443276,0.007651492497121315,0.11732146337783664,0.09,0.008,500
0.6021822094917297,0.44461166858673096,0.3978179395198822,61173936.0,0.555388331413269,2779657.0,0.11062818400542486,0.0013221438082039697,0.10075160037487445,0.7443278060761083,0.6787489192369293,0.7300121887720072,0.08497824780307477,0.0006767676767676767,0.07604816055729792,0.05,0.003,500
0.6018738746643066,0.44627606868743896,0.3981264531612396,92046.34375,0.553723931312561,5558.5224609375,0.1183633034055687,0.0024443133131252176,0.10530261282483586,0.7443278060761083,0.6787489192369293,0.7300121887720072,0.09083237207104351,0.002369110877548844,0.08208949288788045,0.05,0.01,500
0.6001138091087341,0.44285285472869873,0.3998861610889435,806584.875,0.5571471452713013,37189.96484375,0.1224963270755369,0.0027787490326002195,0.10377826241367316,0.7443278060761083,0.6787489192369293,0.7300121887720072,0.0942708412956067,0.0018224760245874078,0.08112123530878414,0.06,0.002,500
0.5903328657150269,0.4396018087863922,0.40966710448265076,13.621025085449219,0.5603981614112854,0.7461901903152466,0.12937843410549577,0.008022558152002318,0.10742219494837063,0.7443278060761083,0.6787489192369293,0.7300121887720072,0.1373679237843529,0.010095708434661923,0.11584836332436364,0.09,0.006,500
0.5971531867980957,0.4433063566684723,0.4028468132019043,308.0528869628906,0.5566935539245605,18.07849884033203,0.11936448180029985,0.008447661292205956,0.1054060961195677,0.7443278060761083,0.6787489192369293,0.7300121887720072,0.10764721811126804,0.005022130426774771,0.09376844699887506,0.07,0.009,500
0.6021065711975098,0.4450276494026184,0.3978935778141022,6982264.0,0.5549723505973816,345224.5625,0.11074040870972031,0.0025205012157452707,0.09787387505869775,0.7443278060761083,0.6787489192369293,0.7300121887720072,0.0857127424461905,0.001516536603493125,0.0765284554895314,0.05,0.005,500
0.6035051345825195,0.44807761907577515,0.3965074419975281,962661318656.0,0.5519223809242249,50963812352.0,0.09737120623451241,0.0009151979565772669,0.09174281119371923,0.7443278060761083,0.6787489192369293,0.7300121887720072,0.07024340976042867,0.000729442970822281,0.0664026094031866,0.03,0.007,500
0.6031515002250671,0.4470040798187256,0.3968496322631836,83004832.0,0.5529958605766296,4625378.0,0.10565520751471418,0.0011653791071084304,0.09686704827917493,0.7443278060761083,0.6787489192369293,0.7300121887720072,0.08035460407512483,0.0010388157894736841,0.07420797881732151,0.04,0.008,500
0.5903332233428955,0.4398261308670044,0.4096668064594269,9.773273468017578,0.5601739287376404,0.5433460474014282,0.13744647710956095,0.006899711948135117,0.10935523510477246,0.7443278060761083,0.6787489192369293,0.7300121887720072,0.1443193063184904,0.009402654825247258,0.11643397592639335,0.09,0.007,500
0.6033960580825806,0.448383629322052,0.3966218829154968,28593354752.0,0.551616370677948,1734865024.0,0.09484591440670745,0.0003225806451612904,0.0893218563675056,0.7443278060761083,0.6787489192369293,0.7300121887720072,0.07234717480656379,0.0003333333333333333,0.06821689239264056,0.03,0.009,500
0.6028246879577637,0.4491890072822571,0.39754053950309753,1.9217831165952e+16,0.5508110523223877,1173406405885952.0,0.09395946223724852,0.0014663814709186757,0.08894027853834832,0.7443278060761083,0.6787489192369293,0.7300121887720072,0.06983868754680453,0.0008836243075373509,0.065655989812892,0.02,0.008,500
0.6032763719558716,0.44646722078323364,0.3967241942882538,4271350528.0,0.5535328388214111,203492224.0,0.09900391714090334,0.0020405817287644495,0.09190226316889573,0.7443278060761083,0.6787489192369293,0.7300121887720072,0.07528142560175202,0.0014903381642512076,0.0707772075856373,0.04,0.005,500
0.5940720438957214,0.4397217631340027,0.40592795610427856,1108.8052978515625,0.5602782368659973,54.3110466003418,0.15881553760416783,0.006666839997414187,0.13482654261240756,0.7443278060761083,0.6787489192369293,0.7300121887720072,0.1383958724037594,0.0037548157658759272,0.11850646028951577,0.08,0.001,500
0.5903270840644836,0.43913209438323975,0.40967294573783875,27.537761688232422,0.5608679056167603,1.4620355367660522,0.12450886713352678,0.006728796470385865,0.10629647025213863,0.7443278060761083,0.6787489192369293,0.7300121887720072,0.13125779096213258,0.0048957556935817804,0.1103814879405431,0.09,0.004,500
0.5903213620185852,0.43888625502586365,0.4096786379814148,40.016883850097656,0.561113715171814,2.089151620864868,0.11752364713864172,0.0047019140836658735,0.10290128809750623,0.7443278060761083,0.6787489192369293,0.7300121887720072,0.12419765470502829,0.0036854125279754566,0.10609001269155263,0.09,0.003,500
0.6033706068992615,0.44603773951530457,0.3966295123100281,652854886400.0,0.553962230682373,26267342848.0,0.10026228036782296,0.0011620923360053795,0.09159491179136126,0.7443278060761083,0.6787489192369293,0.7300121887720072,0.07474596366667285,0.0013506863506863506,0.06792718630105883,0.04,0.002,500
0.5903295874595642,0.44025424122810364,0.4096704423427582,5.216547966003418,0.559745728969574,0.2983982563018799,0.14965996416206218,0.00960042018104614,0.12023045841114678,0.7443278060761083,0.6787489192369293,0.7300121887720072,0.15241490801246504,0.010122003677172073,0.12158079879889595,0.09,0.009,500
0.5940473079681396,0.4405483901500702,0.40595269203186035,254.34486389160156,0.5594515800476074,13.380205154418945,0.14211220862924906,0.0049386959798952456,0.12284896903615994,0.7443278060761083,0.6787489192369293,0.7300121887720072,0.1401825526524385,0.002927608420323704,0.12292029966201459,0.08,0.004,500
0.5940579771995544,0.44027841091156006,0.4059419631958008,406.05010986328125,0.5597215890884399,20.871932983398438,0.15272386507917493,0.0062256275460503725,0.1315196392896443,0.7443278060761083,0.6787489192369293,0.7300121887720072,0.147103280686349,0.005148685458813655,0.12479848244432798,0.08,0.003,500
0.6036768555641174,0.44747692346572876,0.39632532000541687,1.1722938214514688e+16,0.552523136138916,454701141196800.0,0.09704334201956177,0.000757142857142857,0.09049570416287848,0.7443278060761083,0.6787489192369293,0.7300121887720072,0.07254826096861239,0.0011858974358974358,0.06951117964369934,0.03,0.003,500
0.6033439040184021,0.4461781978607178,0.3966563045978546,105368821760.0,0.5538217425346375,4491648000.0,0.09530858681716597,0.0007992875911854824,0.08964939577970558,0.7443278060761083,0.6787489192369293,0.7300121887720072,0.0703342893620973,0.00038098693759071117,0.06721201474712515,0.04,0.003,500
0.6034513115882874,0.4482235312461853,0.39656418561935425,153565429760.0,0.5517764687538147,8716804096.0,0.09519061764307328,0.0008196119356833644,0.08979014616801827,0.7443278060761083,0.6787489192369293,0.7300121887720072,0.06977679734428609,0.0003125,0.06711475079948806,0.03,0.008,500
0.5903133749961853,0.43863311409950256,0.4096866548061371,59.07803726196289,0.561366856098175,3.030322790145874,0.11618098808496084,0.0034973137973137976,0.09989199541171692,0.7443278060761083,0.6787489192369293,0.7300121887720072,0.118923280636222,0.0026781750413329363,0.10179988914051942,0.09,0.002,500
0.5972246527671814,0.4427759051322937,0.4027753174304962,808.1344604492188,0.5572240352630615,44.993778228759766,0.13156940600147915,0.003845865130141054,0.11461368573854586,0.7443278060761083,0.6787489192369293,0.7300121887720072,0.11823574044297289,0.0027583627656986073,0.10567101450116696,0.07,0.007,500
0.5971894264221191,0.4430432915687561,0.40281060338020325,493.3399353027344,0.5569566488265991,28.20938491821289,0.12456504762695887,0.005841837363423721,0.10999527830660095,0.7443278060761083,0.6787489192369293,0.7300121887720072,0.11545219353900656,0.004467335067599784,0.10084629862472518,0.07,0.008,500
0.5999963879585266,0.44362473487854004,0.40000370144844055,71948.640625,0.55637526512146,3679.066162109375,0.11888099950860936,0.003017223927185594,0.10134528304302937,0.7443278060761083,0.6787489192369293,0.7300121887720072,0.09292105977593654,0.0018536005177268483,0.08083307244865143,0.06,0.005,500
0.5999530553817749,0.44389262795448303,0.4000470042228699,35195.53515625,0.5561074018478394,1861.3963623046875,0.12385737384051348,0.0029934789554621867,0.10771441192399703,0.7443278060761083,0.6787489192369293,0.7300121887720072,0.10266112498880389,0.0018933183240259618,0.08983685777280455,0.06,0.006,500
0.593946635723114,0.44203895330429077,0.40605342388153076,22.77298355102539,0.557961106300354,1.3544937372207642,0.0993401734351785,0.004249373589405224,0.08583843701446671,0.7443278060761083,0.6787489192369293,0.7300121887720072,0.10413157196397618,0.0038421370296370296,0.09074152472973956,0.08,0.01,500
0.5863707661628723,0.4379250407218933,0.4136292338371277,3.3251569271087646,0.5620750188827515,0.17750410735607147,0.16402458192003175,0.012560237972860407,0.12856780936498224,0.7443278060761083,0.6787489192369293,0.7300121887720072,0.1609923552246932,0.013528902244084005,0.12731341880244415,0.1,0.005,500
0.5999083518981934,0.4441639184951782,0.4000917673110962,17903.73046875,0.5558360815048218,978.9129638671875,0.12428095620059942,0.004837592767089314,0.10699765291490201,0.7443278060761083,0.6787489192369293,0.7300121887720072,0.10045887851693522,0.0032597209729372935,0.08843871961076172,0.06,0.007,500
0.5864123702049255,0.43851128220558167,0.41358765959739685,1.454543948173523,0.5614887475967407,0.08165978640317917,0.15327355688921857,0.015576067981677986,0.12481258479265613,0.7443278060761083,0.6787489192369293,0.7300121887720072,0.15004147100082918,0.016814018218717783,0.12379034052141263,0.1,0.008,500
0.5973787903785706,0.4413961172103882,0.4026212692260742,14285.578125,0.5586039423942566,690.5565795898438,0.13816157655872122,0.005201702678259554,0.11144546660012225,0.7443278060761083,0.6787489192369293,0.7300121887720072,0.1154991478593844,0.004027068759907506,0.09609220918057257,0.07,0.002,500
0.5974028706550598,0.44111624360084534,0.4025970995426178,27955.927734375,0.5588837265968323,1312.03173828125,0.1325903723880068,0.0027432861014721342,0.10930315392253341,0.7443278060761083,0.6787489192369293,0.7300121887720072,0.10699263518768179,0.001686076152949218,0.08965975041352285,0.07,0.001,500
0.602019190788269,0.4454948306083679,0.39798110723495483,1048574.4375,0.5545051693916321,56271.69140625,0.10993681004228108,0.0050514899817438045,0.09837858871416995,0.7443278060761083,0.6787489192369293,0.7300121887720072,0.08370024583145642,0.002903293278554339,0.07727284830940263,0.05,0.007,500
0.6029886603355408,0.4482074975967407,0.39720219373703003,5.94358417510564e+22,0.5517924427986145,2.2629688814986152e+21,0.0900056561586733,0.0015128000750187548,0.08746207313523423,0.7443278060761083,0.6787489192369293,0.7300121887720072,0.06630696385185933,0.0,0.06486661633720543,0.02,0.004,500
0.6031603813171387,0.44679519534111023,0.3968513309955597,5.961355869766451e+30,0.5532047748565674,1.4333368305630996e+29,0.09376939244713077,0.0007019704433497537,0.08812436508648432,0.7443278060761083,0.6787489192369293,0.7300121887720072,0.06973405953984747,0.0,0.06496667772670309,0.02,0.001,500
0.5997684001922607,0.44498637318611145,0.4002317786216736,2893.282470703125,0.5550135970115662,174.27569580078125,0.12372942509065675,0.003788152890219433,0.1105168321822076,0.7443278060761083,0.6787489192369293,0.7300121887720072,0.09774374572257116,0.00213553675160818,0.0875939153619402,0.06,0.01,500
0.6000379323959351,0.4433615803718567,0.3999621570110321,153483.453125,0.5566384792327881,7585.17138671875,0.1222122304302328,0.001722609300637251,0.10464764874615508,0.7443278060761083,0.6787489192369293,0.7300121887720072,0.09893706290446579,0.0013616573902288187,0.08690458628058118,0.06,0.004,500
0.5998624563217163,0.44443753361701965,0.40013769268989563,9441.3984375,0.5555624961853027,533.4364013671875,0.12657062336513702,0.006075553819593274,0.11203600215075919,0.7443278060761083,0.6787489192369293,0.7300121887720072,0.10226036769974649,0.004032584400063954,0.09226029437531015,0.06,0.008,500
0.586353600025177,0.43771612644195557,0.4136463701725006,4.467529296875,0.5622838735580444,0.23527191579341888,0.17446448111812926,0.012067503669117885,0.13736735489925883,0.7443278060761083,0.6787489192369293,0.7300121887720072,0.17047042837524465,0.01502439969608498,0.13738521363128345,0.1,0.004,500
0.6033400893211365,0.44856181740760803,0.3966797888278961,6099375104.0,0.5514381527900696,394383680.0,0.09483444087441516,0.0,0.08912230358541047,0.7443278060761083,0.6787489192369293,0.7300121887720072,0.07127684640203524,0.0,0.06724506208840497,0.03,0.01,500
0.5903258919715881,0.4404584467411041,0.40967419743537903,3.8752079010009766,0.5595415234565735,0.22487381100654602,0.16417831008739042,0.013066903585035374,0.1309365098126486,0.7443278060761083,0.6787489192369293,0.7300121887720072,0.16555041409949087,0.013616304090123084,0.13019390816011803,0.09,0.01,500
0.5863134860992432,0.43727657198905945,0.4136865735054016,8.335956573486328,0.5627233982086182,0.42779868841171265,0.16251534426330244,0.011592347458364518,0.12858008472690197,0.7443278060761083,0.6787489192369293,0.7300121887720072,0.1696887675165552,0.011369096694243472,0.13590526333470054,0.1,0.002,500
0.6021462082862854,0.4448133111000061,0.39785394072532654,19899122.0,0.5551866888999939,943493.625,0.10702390784715694,0.002842419299217976,0.09480175284509076,0.7443278060761083,0.6787489192369293,0.7300121887720072,0.08336676379989626,0.001925233468166599,0.07424998104197722,0.05,0.004,500
0.6033121943473816,0.446318656206131,0.39668816328048706,19829442560.0,0.5536813735961914,894234624.0,0.10261138459456973,0.001725248973605028,0.09608753870789428,0.7443278060761083,0.6787489192369293,0.7300121887720072,0.08139568865624269,0.002507961908966213,0.07548138800285283,0.04,0.004,500
0.6022402048110962,0.4442392587661743,0.3977597951889038,751620288.0,0.5557606220245361,31299368.0,0.10530903626186074,0.0018641297277438445,0.09423156519281742,0.7443278060761083,0.6787489192369293,0.7300121887720072,0.08001303157551756,0.0016056159420289855,0.07197545884911788,0.05,0.001,500
0.6036462187767029,0.44765281677246094,0.3963578939437866,766717093478400.0,0.5523471236228943,32304961421312.0,0.09389155818079463,0.0,0.0897300502854782,0.7443278060761083,0.6787489192369293,0.7300121887720072,0.06901952425234638,0.0,0.06805006049862244,0.03,0.004,500
0.6029458045959473,0.44851288199424744,0.39730727672576904,6.663007391012796e+20,0.5514870882034302,2.8960109331759497e+19,0.09158802461488647,0.0005003126954346467,0.08821843526328901,0.7443278060761083,0.6787489192369293,0.7300121887720072,0.06929864619805745,0.0,0.06673484279817943,0.02,0.005,500
0.6019722819328308,0.4457460641860962,0.39802804589271545,443383.5625,0.5542539358139038,24765.630859375,0.11430488458433823,0.004241557414869535,0.10272008247868453,0.7443278060761083,0.6787489192369293,0.7300121887720072,0.08625315185565093,0.002587423681539398,0.07796384163565694,0.05,0.008,500
0.6033919453620911,0.4458862245082855,0.3966081440448761,4821817491456.0,0.5541138052940369,182810214400.0,0.0862961350997465,0.0005263157894736842,0.07976367656656522,0.7443278060761083,0.6787489192369293,0.7300121887720072,0.06332712301069074,0.0005555555555555556,0.05948271376782508,0.04,0.001,500
0.5940198302268982,0.44107040762901306,0.40598025918006897,106.10348510742188,0.5589296221733093,5.833620548248291,0.1180498635530614,0.007969966778663577,0.10287306087223286,0.7443278060761083,0.6787489192369293,0.7300121887720072,0.12067440500988137,0.007431318681318681,0.1072929619423399,0.08,0.006,500
0.5973519086837769,0.44167545437812805,0.40264812111854553,7565.6982421875,0.5583245158195496,376.5439147949219,0.1402573035226963,0.007882737160656341,0.11851757363565796,0.7443278060761083,0.6787489192369293,0.7300121887720072,0.1138646933941235,0.004719109655519829,0.09786215177030481,0.07,0.003,500
0.5972915887832642,0.4422305226325989,0.4027084708213806,2336.799560546875,0.5577695369720459,123.13165283203125,0.1382946204042175,0.007322896627782538,0.11789571791669286,0.7443278060761083,0.6787489192369293,0.7300121887720072,0.11589808670762532,0.006007524599088514,0.10007322449716088,0.07,0.005,500
0.6020640134811401,0.44525501132011414,0.3979361355304718,2623321.5,0.5547449588775635,135171.59375,0.10973736467753469,0.0026853532874762088,0.09809788283294223,0.7443278060761083,0.6787489192369293,0.7300121887720072,0.08533543925131695,0.002090338827838828,0.07641745401375526,0.05,0.006,500
0.6027142405509949,0.44955161213874817,0.3976597785949707,104838885015552.0,0.550448477268219,7697406623744.0,0.09242457870824194,0.0006786850477200424,0.0860768595816121,0.7443278060761083,0.6787489192369293,0.7300121887720072,0.07036221729540128,0.0006847826086956521,0.06478750178652037,0.02,0.01,500
0.6032372117042542,0.4466290771961212,0.39676350355148315,1036745216.0,0.5533709526062012,52109088.0,0.09376455781750419,0.0011053494717287822,0.08875727080501271,0.7443278060761083,0.6787489192369293,0.7300121887720072,0.07099630091101716,0.0011283224784368949,0.06862711006405238,0.04,0.006,500
0.5998156666755676,0.4447121322154999,0.4001844525337219,5146.9541015625,0.5552878975868225,300.3442077636719,0.12442551274650293,0.005359546790992348,0.10958697143217119,0.7443278060761083,0.6787489192369293,0.7300121887720072,0.1011776767516057,0.003111479790051219,0.09062126127058623,0.06,0.009,500
0.6030924916267395,0.447378009557724,0.3969596028327942,4.5701595936123685e+27,0.5526220202445984,1.2946305916194485e+26,0.09779919812506516,0.0014347826086956522,0.09336022715193158,0.7443278060761083,0.6787489192369293,0.7300121887720072,0.07088489321241351,0.00045454545454545455,0.06844002589442072,0.02,0.002,500
0.5874606966972351,0.4583085775375366,0.41253936290740967,34.02997589111328,0.5416914224624634,1.9278969764709473,0.08578449098490584,0.001852319022725755,0.07641647542039656,0.7443278060761083,0.6787489192369293,0.7300121887720072,0.08353998416673974,0.0011765408504538942,0.07316334501969385,0.08,0.007,1000
0.5874246954917908,0.4587779939174652,0.412575364112854,16.093475341796875,0.5412219762802124,0.9589807391166687,0.06844357471563259,0.0013555555555555556,0.06182938604102434,0.7443278060761083,0.6787489192369293,0.7300121887720072,0.07065196610411316,0.0007878787878787879,0.06222811938888714,0.08,0.009,1000
0.5793107748031616,0.4551756978034973,0.420689195394516,0.5809089541435242,0.5448243021965027,0.03435846045613289,0.14577185395262582,0.018768535247822425,0.11912349925787324,0.7443278060761083,0.6787489192369293,0.7300121887720072,0.13202572867280288,0.013910254184120967,0.11097987715099628,0.1,0.009,1000
0.5791922807693481,0.4536868929862976,0.42080774903297424,5.640333652496338,0.5463131070137024,0.26943638920783997,0.12977004236819423,0.007277268892177977,0.10542238014410561,0.7443278060761083,0.6787489192369293,0.7300121887720072,0.13265423172596427,0.006874335070229538,0.10721876592360897,0.1,0.001,1000
0.5874910354614258,0.45780694484710693,0.412509024143219,76.89448547363281,0.5421930551528931,4.122955322265625,0.08748491970838014,0.003392224094719557,0.07714404115742096,0.7443278060761083,0.6787489192369293,0.7300121887720072,0.08432836507778227,0.004281374372753683,0.07502913242965319,0.08,0.005,1000
0.5910364985466003,0.45906856656074524,0.40896350145339966,1847.17626953125,0.5409314632415771,95.34858703613281,0.12419482439332487,0.004762205073205878,0.10738682894979462,0.7443278060761083,0.6787489192369293,0.7300121887720072,0.10385809209166645,0.0023021959015358706,0.08965925549297955,0.07,0.004,1000
0.5939576625823975,0.45954033732414246,0.4060424268245697,792737.6875,0.5404596924781799,34965.453125,0.12137681260264616,0.002341545562378487,0.10768973350204775,0.7443278060761083,0.6787489192369293,0.7300121887720072,0.09337161539930289,0.0021889060512894987,0.08297104163616094,0.06,0.001,1000
0.5874429941177368,0.4585471451282501,0.4125570058822632,23.22152328491211,0.5414528846740723,1.3499640226364136,0.07565615428842763,0.0017842215256008362,0.06572018741713469,0.7443278060761083,0.6787489192369293,0.7300121887720072,0.07440388052327433,0.00041666666666666664,0.06593505657465498,0.08,0.008,1000
0.5938723087310791,0.4601614475250244,0.4061277508735657,141390.53125,0.5398386120796204,6870.244140625,0.12263244813549111,0.00270156724522053,0.10892563338476613,0.7443278060761083,0.6787489192369293,0.7300121887720072,0.09078805288327974,0.0016415227211746674,0.0812665554571035,0.06,0.003,1000
0.5970240235328674,0.46391966938972473,0.4029766917228699,107508520.0,0.5360803008079529,6874360.5,0.10999591180930468,0.0017240667319054779,0.10375904927349996,0.7443278060761083,0.6787489192369293,0.7300121887720072,0.07924053899220922,0.0008258258258258258,0.07449802217946137,0.04,0.007,1000
0.597764790058136,0.4648027718067169,0.40224191546440125,2385279451136.0,0.5351971983909607,159652282368.0,0.09237259407734003,0.0004439024390243902,0.08814083149174462,0.7443278060761083,0.6787489192369293,0.7300121887720072,0.06830109586039086,0.0,0.0669376557081661,0.03,0.006,1000
0.5980138778686523,0.4640880227088928,0.4019870460033417,6.641549306966835e+16,0.535912036895752,2865112822054912.0,0.09928407573870843,0.000196078431372549,0.09516618568138217,0.7443278060761083,0.6787489192369293,0.7300121887720072,0.07376454919709632,0.0,0.06997054258615822,0.03,0.002,1000
0.5955948233604431,0.46341392397880554,0.4044053852558136,85467.3984375,0.5365861058235168,5690.35498046875,0.12078837365229506,0.002547571779000236,0.10645439001307853,0.7443278060761083,0.6787489192369293,0.7300121887720072,0.08773713956605905,0.001379321796194861,0.07765414284391316,0.05,0.009,1000
0.596898078918457,0.46455979347229004,0.40310290455818176,10859424.0,0.53544020652771,789269.75,0.10762145000872188,0.0013788520658085876,0.0986999859740008,0.7443278060761083,0.6787489192369293,0.7300121887720072,0.08056203381923442,0.0011178164624973137,0.07355001372799505,0.04,0.009,1000
0.5834971070289612,0.4561620354652405,0.4165029227733612,9.405547142028809,0.5438379645347595,0.49489331245422363,0.11773581814824183,0.004989900080558967,0.10187806526267945,0.7443278060761083,0.6787489192369293,0.7300121887720072,0.12735287106592272,0.006126934368313679,0.10776846617823335,0.09,0.005,1000
0.579278826713562,0.4546680450439453,0.42072126269340515,1.265017032623291,0.5453318953514099,0.06707394868135452,0.16601813555331155,0.018717223905818963,0.13255276998916274,0.7443278060761083,0.6787489192369293,0.7300121887720072,0.16498164289075196,0.01573349689435971,0.1339337062606952,0.1,0.006,1000
0.5959745049476624,0.46125108003616333,0.4040256142616272,75414472.0,0.5387488603591919,3392773.75,0.10896509536703292,0.0011968560787633394,0.09964935889750422,0.7443278060761083,0.6787489192369293,0.7300121887720072,0.08154307041018484,0.0008563365376135461,0.07603243709624198,0.05,0.002,1000
0.5792916417121887,0.454843670129776,0.42070844769477844,0.9672985076904297,0.5451563596725464,0.05285966768860817,0.16008490544422652,0.017959433887530272,0.12776854053432524,0.7443278060761083,0.6787489192369293,0.7300121887720072,0.15170939783888676,0.01173278758885207,0.12054841853426472,0.1,0.007,1000
0.5875211358070374,0.456992506980896,0.4124789237976074,302.2903137207031,0.5430075526237488,14.802848815917969,0.09946653546320938,0.005161052008840359,0.0877065392545633,0.7443278060761083,0.6787489192369293,0.7300121887720072,0.09753564931812875,0.0023492757242757245,0.08664126763508653,0.08,0.002,1000
0.5977872610092163,0.4657272696495056,0.4023778736591339,3.6936391640890737e+18,0.5342726707458496,3.2079255044725146e+17,0.10006276941017234,0.0,0.0948185759099381,0.7443278060761083,0.6787489192369293,0.7300121887720072,0.07394399536283469,0.0,0.07114403596738611,0.02,0.006,1000
0.5976186394691467,0.4665411412715912,0.40258562564849854,416094418370560.0,0.5334588289260864,49330685739008.0,0.09903139293146335,0.00020408163265306123,0.09448247666708168,0.7443278060761083,0.6787489192369293,0.7300121887720072,0.07215456677148702,0.0,0.06889928255450266,0.02,0.009,1000
0.5908183455467224,0.46075552701950073,0.40918171405792236,94.64039611816406,0.5392444729804993,6.037335395812988,0.09584761796990644,0.004320090779166219,0.08440201923442611,0.7443278060761083,0.6787489192369293,0.7300121887720072,0.08520743031261718,0.0032601602143198074,0.07476747220926445,0.07,0.01,1000
0.5834733843803406,0.4552136957645416,0.4165266454219818,41.711124420166016,0.544786274433136,2.009514093399048,0.07629757397070966,0.0039260882735614785,0.06940966679322455,0.7443278060761083,0.6787489192369293,0.7300121887720072,0.08523712636853166,0.00374156383559883,0.07867585197104213,0.09,0.001,1000
0.5792335271835327,0.4541015923023224,0.42076656222343445,3.001307725906372,0.5458983778953552,0.14868640899658203,0.15080866428327755,0.01204133271921514,0.12229694120260139,0.7443278060761083,0.6787489192369293,0.7300121887720072,0.15217434156325815,0.010082985493230279,0.12674324502019602,0.1,0.003,1000
0.5980753302574158,0.46392306685447693,0.40192505717277527,1.930161189040423e+18,0.5360769033432007,7.29804107111465e+16,0.09732899091686324,0.0004399808703969393,0.09357555586240635,0.7443278060761083,0.6787489192369293,0.7300121887720072,0.07518808785635772,0.0002127659574468085,0.07268492125372997,0.03,0.001,1000
0.5909708142280579,0.4596608877182007,0.4090292155742645,622.213134765625,0.5403391122817993,34.611061096191406,0.1160842119163099,0.004903810903077034,0.10147577931729752,0.7443278060761083,0.6787489192369293,0.7300121887720072,0.09657663309164795,0.003683055090638342,0.08586450504256338,0.07,0.006,1000
0.596836268901825,0.46490052342414856,0.40316495299339294,3876951.0,0.5350995063781738,299063.90625,0.11383029050855889,0.0017017358290386314,0.10411504361363914,0.7443278060761083,0.6787489192369293,0.7300121887720072,0.08147923913514454,0.0016638685388685388,0.07641152080647923,0.04,0.01,1000
0.5979548692703247,0.46486666798591614,0.4021061360836029,2.3192356336415832e+24,0.5351333022117615,1.2609099874078398e+23,0.10366160772657955,0.000489795918367347,0.09955959955074878,0.7443278060761083,0.6787489192369293,0.7300121887720072,0.07901584547919294,0.0002941176470588235,0.07618360054912479,0.02,0.003,1000
0.5978260040283203,0.46459755301475525,0.4021787643432617,20890532184064.0,0.5354024767875671,1268414676992.0,0.09683556832121024,0.0004233511586452763,0.09018418816972412,0.7443278060761083,0.6787489192369293,0.7300121887720072,0.069358867595342,0.0,0.06627457451501483,0.03,0.005,1000
0.5793197154998779,0.45533332228660583,0.42068034410476685,0.4558934271335602,0.5446667671203613,0.028390634804964066,0.1427390535495964,0.01940470531985156,0.11673822258943253,0.7443278060761083,0.6787489192369293,0.7300121887720072,0.1343729233903519,0.01659590810364692,0.10792329911036372,0.1,0.01,1000
0.5977303981781006,0.4659934937953949,0.40245363116264343,1.2433044699663565e+17,0.5340064764022827,1.2143736561598464e+16,0.10346677086454693,0.0007882352941176471,0.09777103276514058,0.7443278060761083,0.6787489192369293,0.7300121887720072,0.07534695228811411,0.000588235294117647,0.07096647129325938,0.02,0.007,1000
0.5834953784942627,0.45678970217704773,0.41650471091270447,3.5601980686187744,0.5432102680206299,0.19883650541305542,0.12927595170245001,0.005339073701496302,0.10617655692156394,0.7443278060761083,0.6787489192369293,0.7300121887720072,0.1324789440804675,0.006549652474575075,0.11132621023024285,0.09,0.008,1000
0.5959281325340271,0.4615170359611511,0.4040719270706177,23177432.0,0.5384829044342041,1107850.25,0.1150029888199575,0.0018089720858337883,0.10558884019004917,0.7443278060761083,0.6787489192369293,0.7300121887720072,0.08399328031831149,0.0015962061283869794,0.07858840096730449,0.05,0.003,1000
0.5955344438552856,0.46374714374542236,0.4044658839702606,40599.7265625,0.5362528562545776,2840.248779296875,0.12779634983191573,0.0022455445280983783,0.11109467375889326,0.7443278060761083,0.6787489192369293,0.7300121887720072,0.0950772128670658,0.0014286036036036038,0.08401307381174769,0.05,0.01,1000
0.5939164757728577,0.45984718203544617,0.4060835540294647,325765.3125,0.5401527881622314,15086.41796875,0.1178101716718123,0.0033368804906432482,0.1053489131167777,0.7443278060761083,0.6787489192369293,0.7300121887720072,0.08915368003162875,0.0023529578238945235,0.08094227312981729,0.06,0.002,1000
0.5834988951683044,0.4563789367675781,0.41650116443634033,6.719590663909912,0.5436210036277771,0.3607340157032013,0.1254267224972445,0.004893276614029694,0.10503562650592277,0.7443278060761083,0.6787489192369293,0.7300121887720072,0.134801962984539,0.006967677187153932,0.10933101089990176,0.09,0.006,1000
0.5908591151237488,0.46049392223358154,0.40914100408554077,146.71836853027344,0.5395060777664185,9.060386657714844,0.0987444755169462,0.0034378168023345384,0.08694980712727016,0.7443278060761083,0.6787489192369293,0.7300121887720072,0.09349717125826508,0.00238686233869995,0.0806067077217076,0.07,0.009,1000
0.5958256125450134,0.46210724115371704,0.4041745066642761,2780745.25,0.5378926992416382,149384.4375,0.11411960804385508,0.002132836495289674,0.10381037595475168,0.7443278060761083,0.6787489192369293,0.7300121887720072,0.08415775964611769,0.001195185236256665,0.0774140870631213,0.05,0.005,1000
0.5977048873901367,0.4650348722934723,0.4023037850856781,332586713088.0,0.5349651575088501,24360345600.0,0.09892232176206296,0.001069589998161427,0.09389650318069558,0.7443278060761083,0.6787489192369293,0.7300121887720072,0.07382586721186633,0.00035714285714285714,0.07069016713130584,0.03,0.007,1000
0.5969604849815369,0.46423134207725525,0.40304034948349,32777828.0,0.5357686877250671,2237961.25,0.10499180979221101,0.0007051961823966066,0.09721082224976957,0.7443278060761083,0.6787489192369293,0.7300121887720072,0.07666231740315853,0.0002127659574468085,0.07143074673399387,0.04,0.008,1000
0.5834975242614746,0.45658791065216064,0.41650256514549255,4.862042427062988,0.5434120893478394,0.26621678471565247,0.12268857231459641,0.0037108541363759582,0.10282213896594049,0.7443278060761083,0.6787489192369293,0.7300121887720072,0.12711758606470958,0.005823109745690391,0.10725819054532475,0.09,0.007,1000
0.5975863933563232,0.46558311581611633,0.4024256467819214,10648605696.0,0.534416913986206,915737792.0,0.10319352720182934,0.0006168475900998698,0.0959841416457142,0.7443278060761083,0.6787489192369293,0.7300121887720072,0.07661076021643946,0.0003125,0.07392631135585115,0.03,0.009,1000
0.5976743102073669,0.4662622809410095,0.40252256393432617,6127358184521728.0,0.5337377190589905,663401588064256.0,0.10264891005829607,0.0002,0.09786217734448557,0.7443278060761083,0.6787489192369293,0.7300121887720072,0.07409476468457162,0.0,0.07148015495407921,0.02,0.008,1000
0.5971510410308838,0.4633636474609375,0.4028494358062744,1544971648.0,0.5366362929344177,85811264.0,0.10254303600218981,0.0008494057296347535,0.0946458188119796,0.7443278060761083,0.6787489192369293,0.7300121887720072,0.0733083667453179,0.0005124999999999999,0.06875019059970468,0.04,0.005,1000
0.5875247120857239,0.456704318523407,0.4124753177165985,499.0010070800781,0.543295681476593,23.662580490112305,0.1138920098839774,0.006213100183254939,0.10002889630860277,0.7443278060761083,0.6787489192369293,0.7300121887720072,0.11220779058479496,0.005578271295973892,0.09870497117292515,0.08,0.001,1000
0.5834943056106567,0.45593738555908203,0.4165056049823761,13.344077110290527,0.5440625548362732,0.6877542734146118,0.10168582504051553,0.0031133122111382983,0.08663910756600775,0.7443278060761083,0.6787489192369293,0.7300121887720072,0.10978039471688633,0.0030723525986683887,0.09348931682892182,0.09,0.004,1000
0.5834903717041016,0.45570480823516846,0.41650959849357605,19.20631980895996,0.5442951917648315,0.9688352346420288,0.08892201820290119,0.0016313128336888755,0.07763701462491024,0.7443278060761083,0.6787489192369293,0.7300121887720072,0.09665418076383638,0.00043478260869565224,0.08302041518564479,0.09,0.003,1000
0.5973387360572815,0.4627467393875122,0.40266144275665283,211786956800.0,0.5372532606124878,9289197568.0,0.10150507216975743,0.0009356637295969955,0.09397175335689509,0.7443278060761083,0.6787489192369293,0.7300121887720072,0.07335215980608854,0.0005399719495091164,0.06872881667371035,0.04,0.002,1000
0.5834919214248657,0.45698443055152893,0.4165080785751343,2.636406183242798,0.5430155992507935,0.15027670562267303,0.1381441009134465,0.007475846420166907,0.11524385595158192,0.7443278060761083,0.6787489192369293,0.7300121887720072,0.14667164491771995,0.008614497311758975,0.12385044461203919,0.09,0.009,1000
0.58750319480896,0.4575437307357788,0.4124968349933624,118.85275268554688,0.5424562692642212,6.1892571449279785,0.0939634061546096,0.005512603067005743,0.08322316517526039,0.7443278060761083,0.6787489192369293,0.7300121887720072,0.08926653542092003,0.002873832568153055,0.07749539744420121,0.08,0.004,1000
0.5875131487846375,0.45727211236953735,0.4124869406223297,187.48593139648438,0.5427278280258179,9.472314834594727,0.08561906200925282,0.0032084790823504916,0.07511209556663265,0.7443278060761083,0.6787489192369293,0.7300121887720072,0.07969562371167836,0.0025818250377073904,0.07241789400977153,0.08,0.003,1000
0.5979506373405457,0.4642481505870819,0.4020511507987976,3337571841081344.0,0.5357518792152405,162767650684928.0,0.09791160325240082,0.0,0.09350503632808387,0.7443278060761083,0.6787489192369293,0.7300121887720072,0.07351063646140277,0.0003225806451612903,0.06913539635725108,0.03,0.003,1000
0.5972779393196106,0.462921142578125,0.4027222692966461,35545120768.0,0.5370787978172302,1692339712.0,0.0969213561912843,0.0006973017292784734,0.09145325379931497,0.7443278060761083,0.6787489192369293,0.7300121887720072,0.0719337215193942,0.0,0.0682364695173468,0.04,0.003,1000
0.5976450443267822,0.4652951955795288,0.40236547589302063,55164182528.0,0.534704864025116,4391670784.0,0.09751496285221652,0.0004214729370008873,0.0920277256552532,0.7443278060761083,0.6787489192369293,0.7300121887720072,0.07589633372579248,0.0,0.07378563177576682,0.03,0.008,1000
0.5834827423095703,0.4554634392261505,0.41651731729507446,28.072589874267578,0.5445365309715271,1.3846137523651123,0.07569266615416705,0.0008878048780487805,0.06788941368699049,0.7443278060761083,0.6787489192369293,0.7300121887720072,0.08253761721358245,0.0002857142857142857,0.07399382711773528,0.09,0.002,1000
0.5909349322319031,0.4599462151527405,0.4090651869773865,375.6029968261719,0.5400538444519043,21.65768051147461,0.11435192848357888,0.005175542035968408,0.0994649115771738,0.7443278060761083,0.6787489192369293,0.7300121887720072,0.09696950101543238,0.0025012922667529635,0.08364397548316466,0.07,0.007,1000
0.5908973217010498,0.460223913192749,0.4091027081012726,232.17698669433594,0.539776086807251,13.862478256225586,0.10611278346670794,0.003966243808327148,0.09343777232324092,0.7443278060761083,0.6787489192369293,0.7300121887720072,0.09237562538793137,0.0021635340973650617,0.07973878500778614,0.07,0.008,1000
0.5937761664390564,0.4608007073402405,0.4062238931655884,30794.900390625,0.5391992926597595,1643.34912109375,0.12483836048201795,0.003419639584184068,0.10908747135582184,0.7443278060761083,0.6787489192369293,0.7300121887720072,0.09376533739888018,0.0027504063959186615,0.08348369409511208,0.06,0.005,1000
0.5937240719795227,0.46112045645713806,0.40627598762512207,15328.4560546875,0.5388795733451843,856.0587768554688,0.12368424771114904,0.004081796215883376,0.11072595940224207,0.7443278060761083,0.6787489192369293,0.7300121887720072,0.09548562891874254,0.002846129210428374,0.08662123261378381,0.06,0.006,1000
0.5874035358428955,0.45900073647499084,0.4125964641571045,11.31679630279541,0.5409992337226868,0.6904905438423157,0.09386771151508605,0.002318033273915627,0.08200126061355267,0.7443278060761083,0.6787489192369293,0.7300121887720072,0.10005494836539297,0.0014317460317460318,0.08450598843858667,0.08,0.01,1000
0.5792651176452637,0.4544861316680908,0.42073488235473633,1.6701257228851318,0.5455138683319092,0.08631174266338348,0.17189410463314586,0.017140202822949892,0.13883820328000313,0.7443278060761083,0.6787489192369293,0.7300121887720072,0.17337622226332058,0.01432093827683567,0.14091023804182817,0.1,0.005,1000
0.5936710238456726,0.46143776178359985,0.40632903575897217,7927.494140625,0.5385622382164001,462.8695373535156,0.127643661599278,0.004570566562194756,0.11238368179130115,0.7443278060761083,0.6787489192369293,0.7300121887720072,0.09741495337736772,0.0017106499402073294,0.08514005965207548,0.06,0.007,1000
0.5793015360832214,0.45501258969306946,0.4206985533237457,0.7463769316673279,0.5449874401092529,0.04228159040212631,0.15339091274657757,0.020373384274270174,0.12724878806781859,0.7443278060761083,0.6787489192369293,0.7300121887720072,0.14589521599292612,0.015134260317563382,0.12008297438473062,0.1,0.008,1000
0.5910921692848206,0.4584525227546692,0.40890783071517944,6178.4990234375,0.5415474772453308,294.9964904785156,0.12832747921612125,0.005472465558489055,0.11181230258248555,0.7443278060761083,0.6787489192369293,0.7300121887720072,0.10410074082963469,0.003563103700897633,0.09173828310422343,0.07,0.002,1000
0.5911137461662292,0.4581379294395447,0.40888628363609314,11891.7099609375,0.5418620705604553,545.5245971679688,0.12146909347743953,0.0045279270832705235,0.10673614997710906,0.7443278060761083,0.6787489192369293,0.7300121887720072,0.10152067507813146,0.0034431825093774395,0.08987269017294165,0.07,0.001,1000
0.5957132577896118,0.46274930238723755,0.4042869210243225,436500.59375,0.5372507572174072,26190.884765625,0.12239193732136024,0.00161791996542466,0.11096454105858422,0.7443278060761083,0.6787489192369293,0.7300121887720072,0.09101410940206814,0.000977891156462585,0.08356677336081521,0.05,0.007,1000
0.5979011058807373,0.46517062187194824,0.40220293402671814,1.4229269389664972e+22,0.5348293781280518,9.251960746551835e+20,0.10104463718004522,0.000481859410430839,0.09711807343759846,0.7443278060761083,0.6787489192369293,0.7300121887720072,0.07489162516606113,0.0,0.07243033861513672,0.02,0.004,1000
0.5980544686317444,0.4641866981983185,0.40195009112358093,1.0292156719829106e+30,0.5358132719993591,3.5792895776104745e+28,0.09902068859592006,0.0004522357723577236,0.09450391519677324,0.7443278060761083,0.6787489192369293,0.7300121887720072,0.07456089144900523,0.0,0.07209521963388334,0.02,0.001,1000
0.5935064554214478,0.4623602628707886,0.4064936637878418,1340.18994140625,0.5376397371292114,88.8163070678711,0.12077405480091917,0.003537439265491007,0.10464788169579037,0.7443278060761083,0.6787489192369293,0.7300121887720072,0.09523428337608236,0.0018072420274447005,0.08369241017429938,0.06,0.01,1000
0.5938252210617065,0.46048012375831604,0.4061748683452606,64501.3671875,0.5395199060440063,3285.90185546875,0.1200419434517001,0.0032023473778487865,0.10695364255636836,0.7443278060761083,0.6787489192369293,0.7300121887720072,0.08752216007117021,0.003054975595301097,0.08105880344189208,0.06,0.004,1000
0.5936174392700195,0.46175116300582886,0.40638262033462524,4246.826171875,0.5382488369941711,258.9620361328125,0.12775067607031254,0.004449802685110967,0.10978969662385603,0.7443278060761083,0.6787489192369293,0.7300121887720072,0.09862518551480141,0.0024370524956933023,0.08653308250810303,0.06,0.008,1000
0.5792497992515564,0.45429733395576477,0.4207501709461212,2.2271053791046143,0.5457026958465576,0.11255870014429092,0.16513229337343674,0.013929848365923677,0.12911801575204152,0.7443278060761083,0.6787489192369293,0.7300121887720072,0.16887959405899777,0.01619474039034181,0.1363813016875711,0.1,0.004,1000
0.5975290536880493,0.4658963084220886,0.40248411893844604,2348786944.0,0.5341036319732666,216956064.0,0.10430290733540307,0.0014659863945578233,0.09670881322031219,0.7443278060761083,0.6787489192369293,0.7300121887720072,0.07417918735613185,0.0010952380952380953,0.07001246320231576,0.03,0.01,1000
0.5834881067276001,0.45717257261276245,0.4165119230747223,1.9731286764144897,0.5428274273872375,0.11492708325386047,0.14836752249237684,0.012619270447876321,0.12135273739593623,0.7443278060761083,0.6787489192369293,0.7300121887720072,0.15316837183358079,0.015125595283127725,0.12968711930404805,0.09,0.01,1000
0.579213559627533,0.4538980722427368,0.42078644037246704,4.09013032913208,0.5461019277572632,0.1989014446735382,0.14131262144857926,0.009527529418721915,0.11283004142870767,0.7443278060761083,0.6787489192369293,0.7300121887720072,0.14597748482916248,0.010157296928598595,0.12054894989765216,0.1,0.002,1000
0.5958788990974426,0.4618038535118103,0.40412119030952454,7735689.5,0.5381962060928345,392291.59375,0.11497015914324235,0.002170658502878655,0.10501187061604846,0.7443278060761083,0.6787489192369293,0.7300121887720072,0.08851880575668954,0.0014666903543544233,0.08070791945437705,0.05,0.004,1000
0.597215473651886,0.4631270468235016,0.40278491377830505,6935585792.0,0.536872923374176,357255328.0,0.0991646762432779,0.0014604756121332073,0.09209354440880396,0.7443278060761083,0.6787489192369293,0.7300121887720072,0.07023832814976004,0.0010204369274136717,0.0658705443200783,0.04,0.004,1000
0.5960173606872559,0.4610093832015991,0.4039826989173889,269047168.0,0.5389906167984009,11376876.0,0.10354496552676384,0.0,0.09560340230593561,0.7443278060761083,0.6787489192369293,0.7300121887720072,0.07312183987630039,0.00021739130434782607,0.06732894925472577,0.05,0.001,1000
0.5978879332542419,0.4644149839878082,0.4021151065826416,230647914299392.0,0.5355850458145142,12603889811456.0,0.09356832223945181,0.0004647435897435898,0.08959429151280641,0.7443278060761083,0.6787489192369293,0.7300121887720072,0.06873076297839162,0.0,0.06603973072701734,0.03,0.004,1000
0.5978444814682007,0.465455561876297,0.402294397354126,1.7350794863607546e+20,0.5345444679260254,1.3171731486337925e+19,0.10049949133138249,0.0005071119356833643,0.09490655674516006,0.7443278060761083,0.6787489192369293,0.7300121887720072,0.07294708123132469,0.0,0.06883220585220035,0.02,0.005,1000
0.5956551432609558,0.4630805253982544,0.4043450653553009,188360.421875,0.5369194746017456,11915.35546875,0.11836763278026506,0.00158254523464393,0.10656155432174692,0.7443278060761083,0.6787489192369293,0.7300121887720072,0.08667803592458276,0.001252295918367347,0.07708374712956824,0.05,0.008,1000
0.5973954796791077,0.46260231733322144,0.4026045501232147,1499177287680.0,0.5373976826667786,60378349568.0,0.10080537953035237,0.00043809523809523813,0.09558410402538124,0.7443278060761083,0.6787489192369293,0.7300121887720072,0.07527592043500189,0.0,0.07152411895223772,0.04,0.001,1000
0.5874775648117065,0.4580620527267456,0.4125225245952606,50.702030181884766,0.5419379472732544,2.796039342880249,0.08831918855518749,0.002938261950216379,0.07796904741271639,0.7443278060761083,0.6787489192369293,0.7300121887720072,0.08603347131602494,0.002348856209150327,0.07780092979032728,0.08,0.006,1000
0.5910655856132507,0.4587630033493042,0.40893444418907166,3324.31005859375,0.5412370562553406,165.0916748046875,0.12881468236019206,0.005853332557179724,0.11254833751807446,0.7443278060761083,0.6787489192369293,0.7300121887720072,0.10428150686782767,0.0045083986286174995,0.09298140507743322,0.07,0.003,1000
0.5910055041313171,0.4593682587146759,0.40899452567100525,1057.397705078125,0.5406317114830017,56.68626022338867,0.11793887285807272,0.00586276116279552,0.1021597481380954,0.7443278060761083,0.6787489192369293,0.7300121887720072,0.0959179964863697,0.003912443382021855,0.08643918780791361,0.07,0.005,1000
0.5957704186439514,0.462423712015152,0.4042297303676605,1068817.875,0.5375763177871704,60730.57421875,0.11454620918040924,0.0021086455785963177,0.10391390527362968,0.7443278060761083,0.6787489192369293,0.7300121887720072,0.08588986411056501,0.0015188755344034848,0.0779096124531775,0.05,0.006,1000
0.5975621938705444,0.46683579683303833,0.4026447534561157,37091933159424.0,0.5331642031669617,4765682499584.0,0.09597814159999148,0.0008847826086956522,0.09086935530111986,0.7443278060761083,0.6787489192369293,0.7300121887720072,0.07074225821303631,0.0006847826086956521,0.06714118853461513,0.02,0.01,1000
0.5970871448516846,0.46362894773483276,0.4029134511947632,386903456.0,0.5363710522651672,23094928.0,0.10533186970203393,0.0010995185600667329,0.09701215067296584,0.7443278060761083,0.6787489192369293,0.7300121887720072,0.07806640779990612,0.00045454545454545465,0.07240029655451088,0.04,0.006,1000
0.5935618877410889,0.46205878257751465,0.4064381420612335,2350.18701171875,0.5379412174224854,149.49099731445312,0.12307699856605779,0.004573027186563151,0.10623173358891336,0.7443278060761083,0.6787489192369293,0.7300121887720072,0.09803940508643874,0.002422996438288792,0.08657366491994488,0.06,0.009,1000
0.5980045795440674,0.4645397961139679,0.40201783180236816,8.931843382862685e+26,0.5354602336883545,3.947479177419948e+25,0.10097123956856238,0.00020833333333333332,0.09661861655144233,0.7443278060761083,0.6787489192369293,0.7300121887720072,0.07698795763580296,0.0,0.07434516809887605,0.02,0.002,1000
